<?xml version="1.0" encoding="UTF-8"?>
<!DOCTYPE mapper PUBLIC "-//mybatis.org//DTD Mapper 3.0//EN" "http://mybatis.org/dtd/mybatis-3-mapper.dtd">
<mapper namespace="com.youkeda.dewu.dao.OrderDAO">
    <resultMap id="BaseResultMap" type="com.youkeda.dewu.dataobject.OrderDO">
        <id column="id" jdbcType="VARCHAR" property="id"/>
        <result column="order_number" jdbcType="VARCHAR" property="orderNumber"/>
        <result column="product_detail_id" jdbcType="VARCHAR" property="productDetailId"/>
        <result column="user_id" jdbcType="VARCHAR" property="userId"/>
        <result column="total_price" jdbcType="DOUBLE" property="totalPrice"/>
        <result column="status" jdbcType="VARCHAR" property="status"/>
        <result column="gmt_created" jdbcType="TIMESTAMP" property="gmtCreated"/>
        <result column="gmt_modified" jdbcType="TIMESTAMP" property="gmtModified"/>
    </resultMap>

    <insert id="insert" parameterType="com.youkeda.dewu.dataobject.OrderDO">
    insert into `order` (id, order_number,
       product_detail_id, user_id,
      total_price, status,
      gmt_created, gmt_modified)
    values (#{id,jdbcType=VARCHAR}, #{orderNumber,jdbcType=VARCHAR},
      #{productDetailId,jdbcType=VARCHAR}, #{userId,jdbcType=VARCHAR},
      #{totalPrice,jdbcType=DOUBLE}, #{status,jdbcType=VARCHAR},
      now(), now())
  </insert>

    <update id="update" parameterType="com.youkeda.dewu.dataobject.OrderDO">
        update `order`
        <set>
            <if test="userId !='' and userId!=null">
                user_id = #{userId,jdbcType=VARCHAR},
            </if>
            <if test="productDetailId !='' and productDetailId!=null">
                product_detail_id = #{productDetailId,jdbcType=VARCHAR},
            </if>

            <if test="totalPrice!=null">
                total_price = #{totalPrice,jdbcType=DOUBLE},
            </if>
            <if test="status !='' and status!=null">
                status = #{status,jdbcType=VARCHAR},
            </if>
            <if test="gmtCreated!=null">
                gmt_created = #{gmtCreated,jdbcType=TIMESTAMP},
            </if>
            gmt_modified = now()
        </set>
        <where>
            <if test="id !='' and id!=null">
                id = #{id,jdbcType=VARCHAR}
            </if>
        </where>
    </update>

    <select id="selectByOrderNumber" parameterType="java.lang.String" resultMap="BaseResultMap">
    select id, user_id, order_number, product_detail_id,  total_price, status,
      gmt_created, gmt_modified
    from `order`
    where order_number = #{orderNumber,jdbcType=VARCHAR}
  </select>

    <select id="selectCounts" resultType="java.lang.Integer" parameterType="com.youkeda.dewu.param.QueryOrderParam">
        select count(1)
        from `order`
        <where>
            <if test="productDetailId != '' and productDetailId != null">
                AND product_detail_id = #{productDetailId,jdbcType=VARCHAR}
            </if>
            <if test="time != null">
                AND gmt_modified <![CDATA[ >= ]]> #{time,jdbcType=TIMESTAMP}
            </if>
        </where>
    </select>

    <select id="pageQuery" resultMap="BaseResultMap" parameterType="com.youkeda.dewu.param.QueryOrderParam">
        select id, user_id, order_number, product_detail_id, total_price, status,
        gmt_created, gmt_modified
        from `order`
        <where>
            <if test="productDetailId != '' and productDetailId != null">
                AND product_detail_id = #{productDetailId,jdbcType=VARCHAR}
            </if>
            <if test="time != null">
                AND gmt_modified <![CDATA[ >= ]]> #{time,jdbcType=TIMESTAMP}
            </if>
        </where>
        <bind name="currentIndex" value="(pageNum - 1)* pageSize"/>
        limit #{currentIndex},#{pageSize}
    </select>
</mapper>
