<?xml version="1.0" encoding="UTF-8"?>
<!DOCTYPE mapper PUBLIC "-//mybatis.org//DTD Mapper 3.0//EN" "http://mybatis.org/dtd/mybatis-3-mapper.dtd">
<mapper namespace="com.youkeda.dewu.dao.ProductDetailDAO">
    <resultMap id="BaseResultMap" type="com.youkeda.dewu.dataobject.ProductDetailDO">
        <id column="id" jdbcType="VARCHAR" property="id"/>
        <result column="product_id" jdbcType="VARCHAR" property="productId"/>
        <result column="price" jdbcType="DOUBLE" property="price"/>
        <result column="size" jdbcType="DOUBLE" property="size"/>
        <result column="stock" jdbcType="INTEGER" property="stock"/>
        <result column="gmt_created" jdbcType="TIMESTAMP" property="gmtCreated"/>
        <result column="gmt_modified" jdbcType="TIMESTAMP" property="gmtModified"/>
    </resultMap>
    <delete id="deleteByPrimaryKey" parameterType="java.lang.String">
    delete from product_detail
    where id = #{id,jdbcType=VARCHAR}
  </delete>
    <insert id="insert" parameterType="com.youkeda.dewu.dataobject.ProductDetailDO">
    insert into product_detail (id, product_id, price,
      size, stock, gmt_created,
      gmt_modified)
    values (#{id,jdbcType=VARCHAR}, #{productId,jdbcType=VARCHAR}, #{price,jdbcType=DOUBLE},
      #{size,jdbcType=DOUBLE}, #{stock,jdbcType=INTEGER}, now(),
     now())
  </insert>
    <select id="selectByPrimaryKey" parameterType="java.lang.String" resultMap="BaseResultMap">
    select id, product_id, price, `size`, stock, gmt_created, gmt_modified
    from product_detail
    where id = #{id,jdbcType=VARCHAR}
  </select>
    <select id="selectAll" resultMap="BaseResultMap">
    select id, product_id, price, `size`, stock, gmt_created, gmt_modified
    from product_detail
  </select>
    <select id="selectByProductId" parameterType="java.lang.String" resultMap="BaseResultMap">
    select id, product_id, price, `size`, stock, gmt_created, gmt_modified
    from product_detail
    where product_id = #{productId,jdbcType=VARCHAR}
  </select>

    <update id="updateByPrimaryKey">
        update product_detail
        set 
        <if test="@org.apache.commons.lang3.StringUtils@isNotBlank(productId)">
            prodcut_id = #{productId},
        </if>

        <if test="price != null">
            price = #{price},
        </if>

        <if test="size != null">
            size = #{size},
        </if>

        <if test="stock != null">
            stock = #{stock},
        </if>
        gmt_modified = now()
        where id = #{id}
    </update>

    <select id="selectByIds" resultMap="BaseResultMap">
        select * from product_detail
        <where>
            id in
            <foreach item="item" index="index" collection="ids"
                     open="(" separator="," close=")">
                #{item}
            </foreach>
        </where>
    </select>

</mapper>